-- phpMyAdmin SQL Dump
-- version 4.9.5
-- https://www.phpmyadmin.net/
--
-- Host: localhost:3306
-- Generation Time: Jan 13, 2022 at 05:42 PM
-- Server version: 5.7.24
-- PHP Version: 7.4.1

SET SQL_MODE = "NO_AUTO_VALUE_ON_ZERO";
SET AUTOCOMMIT = 0;
START TRANSACTION;
SET time_zone = "+00:00";


/*!40101 SET @OLD_CHARACTER_SET_CLIENT=@@CHARACTER_SET_CLIENT */;
/*!40101 SET @OLD_CHARACTER_SET_RESULTS=@@CHARACTER_SET_RESULTS */;
/*!40101 SET @OLD_COLLATION_CONNECTION=@@COLLATION_CONNECTION */;
/*!40101 SET NAMES utf8mb4 */;

--
-- Database: `mychat_db`
--

-- --------------------------------------------------------

--
-- Table structure for table `chatrooms`
--

CREATE TABLE `chatrooms` (
  `id` int(11) NOT NULL,
  `user_id` int(11) NOT NULL,
  `message` varchar(200) NOT NULL,
  `created_on` datetime NOT NULL
) ENGINE=InnoDB DEFAULT CHARSET=utf8;

--
-- Dumping data for table `chatrooms`
--

INSERT INTO `chatrooms` (`id`, `user_id`, `message`, `created_on`) VALUES
(1, 11, 'dddddddddd', '2022-01-06 14:26:18'),
(2, 12, 'ddddd', '2022-01-06 14:26:23'),
(3, 12, 'aaaaaaaaaaaa', '2022-01-06 14:27:29'),
(4, 11, 'bbbbbbbbb', '2022-01-06 14:27:33'),
(5, 12, 'jjjjjjjjjjjjjjjjjjjjjjjjjjjjjjjjjjjjjjjjjjjjjjjjjjjjjjjjjjjjjjjjjjjjjjjjjjjjjjjjjjjjjjjjjjjjjjjjjjjjjjjjjjjjjjjjjjjjjjjjjjjjjjjjjjjjjjjjjjjjjjjjjjjjjjjjjjjjjjjjjjjjjjjjjjjjjjjjjjjjjjjjjjjjj\n', '2022-01-06 16:45:51'),
(6, 11, 'ffffffffffffff', '2022-01-06 17:10:42'),
(7, 12, 'fffffffff', '2022-01-06 17:10:45'),
(8, 12, 'zzzzzzz', '2022-01-06 17:11:12'),
(9, 11, 'cccccc', '2022-01-06 17:11:21'),
(10, 11, '1111111111', '2022-01-06 17:14:46'),
(11, 12, '222222222', '2022-01-06 17:14:48'),
(12, 12, 'dddddd', '2022-01-06 17:33:49'),
(13, 11, 'dddddddddd', '2022-01-06 17:33:52'),
(14, 12, 'dd', '2022-01-06 17:38:29'),
(15, 11, 'ff', '2022-01-06 17:41:22'),
(16, 11, 'dddddd', '2022-01-06 17:46:42'),
(17, 11, 'dddddddddddd', '2022-01-06 18:07:18'),
(18, 11, 'ddddd', '2022-01-06 18:08:34'),
(19, 11, '1111111', '2022-01-06 18:11:10'),
(20, 12, '2222222222', '2022-01-06 18:11:19'),
(21, 12, 'fffffff', '2022-01-06 18:11:49'),
(22, 11, 'dddddd', '2022-01-06 18:11:52'),
(23, 11, 'dddddddddd', '2022-01-07 04:16:38'),
(24, 12, 'fffffff', '2022-01-07 04:16:46'),
(25, 9, 'ddddddddddd', '2022-01-09 15:58:22'),
(26, 12, 'vvvvvvvvv', '2022-01-09 15:58:53'),
(27, 9, 'ddddddd', '2022-01-09 16:44:02'),
(28, 9, 'vvvvvvvv', '2022-01-10 09:04:01'),
(29, 9, 'vvvvvvv', '2022-01-10 09:05:37'),
(30, 9, 'vvvvvvvvvv', '2022-01-10 09:06:13'),
(31, 9, 'cccccccc', '2022-01-10 09:06:17'),
(32, 9, 'hhhhhhhhh', '2022-01-10 09:08:49'),
(33, 9, 'dd', '2022-01-10 16:06:26'),
(34, 9, 'c', '2022-01-10 16:33:53'),
(35, 9, 'v', '2022-01-10 16:39:58'),
(36, 9, 'x', '2022-01-10 16:42:45'),
(37, 9, 'g', '2022-01-10 16:56:38'),
(38, 12, 'fffffff', '2022-01-11 02:44:53'),
(39, 12, 'ddd', '2022-01-11 02:46:10'),
(40, 12, 'dd', '2022-01-11 02:46:23'),
(41, 11, 'fff', '2022-01-11 02:47:55'),
(42, 11, 'ff', '2022-01-11 02:48:01'),
(43, 11, 'hhh', '2022-01-11 02:50:01'),
(44, 12, 'fff', '2022-01-11 03:00:22'),
(45, 12, 'a', '2022-01-11 03:04:03'),
(46, 12, 'a', '2022-01-11 03:06:17'),
(47, 12, 'V', '2022-01-11 13:30:46'),
(48, 12, 'c', '2022-01-11 15:36:16'),
(49, 11, 'dddddddddd', '2022-01-11 16:27:29'),
(50, 11, 'ddddd', '2022-01-11 16:29:38'),
(51, 11, 'ddd', '2022-01-11 16:29:47'),
(52, 11, 's', '2022-01-11 16:30:12'),
(53, 11, 's', '2022-01-11 16:30:16'),
(54, 11, 's', '2022-01-11 16:30:26'),
(55, 11, 's', '2022-01-11 16:30:39'),
(56, 11, 's', '2022-01-11 16:30:43'),
(57, 12, 'd', '2022-01-11 17:11:15'),
(58, 12, 'v', '2022-01-11 17:11:53'),
(59, 12, 'v', '2022-01-11 17:14:14'),
(60, 12, 'v', '2022-01-11 17:14:17'),
(61, 12, 'v', '2022-01-11 17:14:19'),
(62, 12, 'v', '2022-01-11 17:14:29'),
(63, 12, 'v', '2022-01-11 17:14:34'),
(64, 12, 'd', '2022-01-11 17:23:19'),
(65, 12, 'd', '2022-01-11 17:23:24'),
(66, 12, 'd', '2022-01-11 17:24:28'),
(67, 12, 'a', '2022-01-13 16:29:40'),
(68, 9, 'v', '2022-01-13 16:30:24'),
(69, 12, 'sss', '2022-01-13 16:43:28'),
(70, 9, 'ff', '2022-01-13 16:43:36');

-- --------------------------------------------------------

--
-- Table structure for table `messages`
--

CREATE TABLE `messages` (
  `message_id` int(11) NOT NULL,
  `to_user_id` int(11) NOT NULL,
  `from_user_id` int(11) NOT NULL,
  `timestamp` timestamp NOT NULL DEFAULT CURRENT_TIMESTAMP,
  `message` mediumtext NOT NULL,
  `status` enum('yes','no') NOT NULL
) ENGINE=InnoDB DEFAULT CHARSET=utf8;

--
-- Dumping data for table `messages`
--

INSERT INTO `messages` (`message_id`, `to_user_id`, `from_user_id`, `timestamp`, `message`, `status`) VALUES
(1, 12, 9, '2022-01-09 05:09:50', 'ABC', 'yes'),
(2, 9, 12, '2022-01-09 05:10:29', 'XYZ', 'yes'),
(3, 12, 9, '2022-01-09 09:29:41', 'dddddddddd', 'yes'),
(4, 12, 9, '2022-01-09 09:30:57', 'ddddddddddd', 'yes'),
(5, 12, 9, '2022-01-09 09:34:41', 'ddddddd', 'yes'),
(6, 12, 9, '2022-01-09 09:37:21', 'fff', 'yes'),
(7, 12, 9, '2022-01-09 09:37:23', 'fff', 'yes'),
(125, 12, 11, '2022-01-10 19:22:27', 'kkkkkkkkkk', 'yes'),
(126, 8, 12, '2022-01-10 19:28:10', 'dddddddddddd', 'yes'),
(127, 12, 11, '2022-01-10 19:28:40', 'ffffffff', 'yes'),
(128, 8, 12, '2022-01-10 19:28:45', 'fffffff', 'yes'),
(129, 8, 11, '2022-01-10 19:29:44', 'ddddddddd', 'no'),
(130, 8, 11, '2022-01-10 19:29:47', 'ddddd', 'no'),
(131, 8, 12, '2022-01-10 19:30:19', 'ddddddddddd', 'yes'),
(132, 12, 11, '2022-01-10 19:38:38', 'ff', 'yes'),
(133, 12, 11, '2022-01-10 19:39:51', 'fff', 'yes'),
(134, 12, 11, '2022-01-10 19:39:57', 'f', 'yes'),
(135, 12, 11, '2022-01-10 19:40:04', 'f', 'yes'),
(136, 11, 12, '2022-01-10 19:40:50', 'jjj', 'yes'),
(137, 11, 12, '2022-01-11 02:36:43', 'c', 'yes'),
(138, 11, 12, '2022-01-11 02:36:49', 'c', 'yes'),
(139, 11, 12, '2022-01-11 02:37:18', 'c', 'yes'),
(140, 12, 11, '2022-01-11 03:03:28', 'f', 'yes'),
(141, 12, 11, '2022-01-11 03:15:24', 'ffffff', 'yes'),
(142, 12, 11, '2022-01-11 03:15:30', 'ssss', 'yes'),
(143, 12, 11, '2022-01-11 03:17:33', 'cccccc', 'yes'),
(144, 11, 12, '2022-01-11 03:17:54', 'xxxxxxxx', 'yes'),
(145, 12, 11, '2022-01-11 03:18:58', 'ffff', 'yes'),
(146, 11, 12, '2022-01-11 04:04:22', 'ddddd', 'yes'),
(147, 12, 11, '2022-01-11 04:07:57', 'ddđ', 'yes'),
(148, 15, 12, '2022-01-11 04:27:47', 'dd', 'yes'),
(149, 12, 15, '2022-01-11 04:27:55', 'ddd', 'yes'),
(150, 12, 9, '2022-01-11 04:29:59', 'c', 'yes'),
(151, 9, 12, '2022-01-11 04:30:43', 'd', 'yes'),
(152, 12, 9, '2022-01-11 04:33:24', 'd', 'yes'),
(153, 12, 9, '2022-01-11 04:34:51', 'd', 'yes'),
(154, 12, 9, '2022-01-11 04:35:29', 'a', 'yes'),
(155, 12, 9, '2022-01-11 04:35:56', 'v', 'yes'),
(156, 12, 9, '2022-01-11 04:36:25', 'a', 'yes'),
(157, 12, 9, '2022-01-11 04:37:14', 'd', 'yes'),
(158, 12, 9, '2022-01-11 04:38:26', 'c', 'yes'),
(159, 9, 12, '2022-01-11 04:39:56', 'd', 'yes'),
(160, 9, 12, '2022-01-11 04:43:46', 'd', 'yes'),
(161, 9, 12, '2022-01-11 04:44:14', 'c', 'yes'),
(162, 9, 12, '2022-01-11 04:46:00', 'f', 'yes'),
(163, 12, 9, '2022-01-11 04:47:41', 'd', 'yes'),
(164, 9, 12, '2022-01-11 04:49:26', 'c', 'yes'),
(165, 9, 12, '2022-01-11 05:07:54', 'd', 'yes'),
(166, 9, 12, '2022-01-11 05:08:24', 'v', 'yes'),
(167, 12, 9, '2022-01-11 05:08:41', 'd', 'yes'),
(168, 9, 12, '2022-01-11 05:26:43', 'd', 'yes'),
(169, 12, 9, '2022-01-11 05:27:01', 'd', 'yes'),
(170, 9, 12, '2022-01-11 05:27:19', 'd', 'yes'),
(171, 9, 12, '2022-01-11 05:27:21', 's', 'yes'),
(172, 12, 9, '2022-01-11 05:27:35', 'aaaaaaaaaaa', 'yes'),
(173, 9, 12, '2022-01-11 05:28:22', 'ddddd', 'yes'),
(174, 12, 9, '2022-01-11 05:28:25', 'ffffff', 'yes'),
(175, 9, 12, '2022-01-11 05:34:29', 'd', 'yes'),
(176, 9, 12, '2022-01-11 06:19:17', 'dđ', 'yes'),
(177, 9, 12, '2022-01-11 06:25:52', 'd', 'yes'),
(178, 9, 12, '2022-01-11 06:34:14', 'd', 'yes'),
(179, 9, 12, '2022-01-11 06:35:27', 'v', 'yes'),
(180, 12, 9, '2022-01-11 06:39:27', 'd', 'yes'),
(181, 9, 12, '2022-01-11 06:39:38', 'd', 'yes'),
(182, 9, 12, '2022-01-11 06:39:59', 'd', 'yes'),
(183, 9, 12, '2022-01-11 06:43:19', 'a', 'yes'),
(184, 12, 9, '2022-01-11 06:45:18', 'd', 'yes'),
(185, 9, 12, '2022-01-11 07:18:08', 'd', 'yes'),
(186, 9, 12, '2022-01-11 07:18:30', 'w', 'yes'),
(187, 9, 12, '2022-01-11 07:18:42', 'c', 'yes'),
(188, 9, 12, '2022-01-11 07:18:53', 'ccccccccccccccccccccccccccccccccccccccccccccccccccccccccc', 'yes'),
(189, 9, 12, '2022-01-11 07:40:18', 'ccccccccc', 'yes'),
(190, 9, 12, '2022-01-11 07:40:31', 'cccccccccc', 'yes'),
(191, 9, 12, '2022-01-11 07:48:29', 'a', 'yes'),
(192, 9, 12, '2022-01-11 07:48:43', 'a', 'yes'),
(193, 12, 9, '2022-01-11 07:54:10', 'd', 'yes'),
(194, 12, 9, '2022-01-11 07:58:41', 'd', 'yes'),
(195, 12, 9, '2022-01-11 08:48:03', 'd', 'yes'),
(196, 12, 9, '2022-01-11 08:48:11', 'v', 'yes'),
(197, 12, 9, '2022-01-11 09:01:42', 'f', 'yes'),
(198, 9, 12, '2022-01-11 09:02:57', 'fd', 'yes'),
(199, 9, 12, '2022-01-11 09:07:46', 'vl', 'yes'),
(200, 9, 12, '2022-01-11 09:24:07', 'aaaaaaaaaaaaaaaaa', 'yes'),
(201, 9, 12, '2022-01-11 09:24:22', 'aaaaaaaaa', 'yes'),
(202, 9, 12, '2022-01-11 09:25:13', 'aaaaaaaaaaaaaa', 'yes'),
(203, 12, 9, '2022-01-11 09:25:18', 'fffffffffffffff', 'yes'),
(204, 12, 9, '2022-01-11 09:25:46', 'dddddđ', 'yes'),
(205, 9, 12, '2022-01-11 09:35:11', 'ssssssssssssssss', 'yes'),
(206, 12, 9, '2022-01-11 20:17:31', 'd', 'yes'),
(207, 9, 12, '2022-01-11 20:17:47', 'f', 'yes'),
(208, 0, 12, '2022-01-11 22:39:16', 'dddddddddddd', 'yes'),
(209, 0, 11, '2022-01-11 22:46:01', 'dddddddd', 'yes'),
(210, 15, 12, '2022-01-12 00:11:03', 'dddddddddddd', 'no'),
(211, 15, 12, '2022-01-12 00:12:00', 'dddđ', 'no'),
(212, 15, 12, '2022-01-12 00:12:08', 'aaaaa', 'no'),
(213, 15, 12, '2022-01-12 00:12:13', 'dddddđ', 'no'),
(214, 15, 12, '2022-01-12 00:12:15', 'aaaaaaaaaaaaa', 'no'),
(215, 11, 12, '2022-01-12 00:13:11', 'ddddđ', 'yes'),
(216, 11, 12, '2022-01-12 00:13:13', 'aaa', 'yes'),
(217, 12, 11, '2022-01-12 00:13:16', 'dđ', 'yes'),
(218, 12, 11, '2022-01-12 00:13:25', 'fffffffffffff', 'yes'),
(219, 12, 11, '2022-01-12 00:13:32', 'aaaaaaaaa', 'yes'),
(220, 12, 11, '2022-01-12 00:14:22', 'fffffffff', 'yes'),
(221, 11, 12, '2022-01-12 00:19:54', 'fffffffff', 'yes'),
(222, 11, 12, '2022-01-12 00:20:35', 'ttttttt', 'yes'),
(223, 11, 12, '2022-01-12 00:20:44', 'ssssss', 'yes'),
(224, 11, 12, '2022-01-12 00:21:05', 'ffffff', 'yes'),
(225, 11, 12, '2022-01-12 00:23:13', 'dđ', 'yes'),
(226, 9, 12, '2022-01-12 00:27:43', 'ddddddddđ', 'yes'),
(227, 9, 12, '2022-01-12 00:27:45', 'aaaaaaaaa', 'yes'),
(228, 9, 12, '2022-01-12 00:27:48', 'aaaaa', 'yes'),
(229, 9, 12, '2022-01-12 00:30:18', 'dddđ', 'yes'),
(230, 9, 12, '2022-01-12 00:30:20', 'aaaaaa', 'yes'),
(231, 9, 12, '2022-01-12 00:30:35', 'aaa', 'yes'),
(232, 9, 12, '2022-01-12 00:30:37', 'dddd', 'yes'),
(233, 11, 12, '2022-01-12 00:33:34', 'ccccccc', 'yes'),
(234, 11, 12, '2022-01-12 00:35:00', 'ccc', 'yes'),
(235, 11, 12, '2022-01-12 00:52:16', 'đ', 'yes'),
(236, 11, 12, '2022-01-12 00:52:17', 'aaaaa', 'yes'),
(237, 9, 12, '2022-01-12 00:54:03', 'aaaaa', 'yes'),
(238, 9, 12, '2022-01-12 00:54:05', 'sss', 'yes'),
(239, 9, 12, '2022-01-12 00:54:13', 'sss', 'yes'),
(240, 12, 9, '2022-01-12 00:54:45', 'xxxxxxxxxx', 'yes'),
(241, 12, 9, '2022-01-12 00:54:49', 'ccccccc', 'yes'),
(242, 12, 9, '2022-01-12 00:58:21', 'ddddd', 'yes'),
(243, 12, 9, '2022-01-12 01:00:04', 'ccccccc', 'yes'),
(244, 12, 11, '2022-01-12 01:06:52', 'aaaaaa', 'yes'),
(245, 12, 11, '2022-01-12 01:06:56', 'ddd', 'yes'),
(246, 12, 9, '2022-01-12 01:43:40', 'sssssssssss', 'yes'),
(247, 12, 9, '2022-01-12 01:44:44', 'a', 'yes'),
(248, 12, 9, '2022-01-12 01:45:38', 'k', 'yes'),
(249, 12, 9, '2022-01-12 01:50:45', 'ddddd', 'yes'),
(250, 12, 9, '2022-01-12 01:51:28', 'ddđ', 'yes'),
(251, 12, 9, '2022-01-12 01:52:01', 'd', 'yes'),
(252, 12, 9, '2022-01-12 01:52:53', 'ddddd', 'yes'),
(253, 12, 9, '2022-01-12 01:53:12', 'dddđ', 'yes'),
(254, 12, 9, '2022-01-12 01:54:06', 'ddddd', 'yes'),
(255, 12, 9, '2022-01-12 01:54:35', 'ddđ', 'yes'),
(256, 12, 9, '2022-01-12 01:55:03', 'ddddd', 'yes'),
(257, 12, 9, '2022-01-12 01:55:56', 'dddđ', 'yes'),
(258, 12, 9, '2022-01-12 01:58:27', 'd', 'yes'),
(259, 12, 9, '2022-01-12 01:58:35', 'a', 'yes'),
(260, 11, 9, '2022-01-12 02:03:54', 'dddddddđ', 'no'),
(261, 11, 9, '2022-01-12 02:06:18', 'ddddd', 'no'),
(262, 11, 9, '2022-01-12 02:06:40', 'dddd', 'no'),
(263, 11, 9, '2022-01-12 02:06:42', 'ddd', 'no'),
(264, 12, 9, '2022-01-12 02:08:01', 'a', 'yes'),
(265, 12, 9, '2022-01-12 02:11:49', 'aaaa', 'yes'),
(266, 12, 9, '2022-01-12 02:11:59', 'dđ', 'yes'),
(267, 12, 9, '2022-01-12 02:14:55', 'ddđ', 'yes'),
(268, 12, 9, '2022-01-12 02:16:13', 'ddddddddddddddđ', 'yes'),
(269, 12, 9, '2022-01-12 02:18:33', 'kk', 'yes'),
(270, 12, 9, '2022-01-12 02:19:32', 'sssssssss', 'yes'),
(271, 12, 9, '2022-01-12 02:20:34', 'ss', 'yes'),
(272, 12, 9, '2022-01-12 02:20:43', 'ssssssss', 'yes'),
(273, 12, 9, '2022-01-12 02:21:28', 'dđ', 'yes'),
(274, 12, 9, '2022-01-12 02:22:39', 'aaaaa', 'yes'),
(275, 12, 9, '2022-01-12 02:23:35', 'ddđ', 'yes'),
(276, 12, 9, '2022-01-12 02:25:00', 'd', 'yes'),
(277, 12, 9, '2022-01-12 02:25:55', 'ddđ', 'yes'),
(278, 12, 9, '2022-01-12 02:25:58', 'aaaaaaaa', 'yes'),
(279, 12, 9, '2022-01-12 02:26:07', 'aaaaa', 'yes'),
(280, 12, 9, '2022-01-12 02:26:10', 'aaaaa', 'yes'),
(281, 12, 9, '2022-01-12 02:26:36', 'đ', 'yes'),
(282, 12, 9, '2022-01-12 02:26:38', 'â', 'yes'),
(283, 12, 9, '2022-01-12 02:26:40', 'â', 'yes'),
(284, 12, 9, '2022-01-12 02:27:07', 'aa', 'yes'),
(285, 12, 9, '2022-01-12 02:27:10', 'đ', 'yes'),
(286, 12, 9, '2022-01-12 02:27:12', 'aa', 'yes'),
(287, 12, 9, '2022-01-12 02:27:41', 'a', 'yes'),
(288, 12, 9, '2022-01-12 02:27:45', 'd', 'yes'),
(289, 12, 9, '2022-01-12 02:27:51', 'â', 'yes'),
(290, 12, 9, '2022-01-12 02:30:30', 'd', 'yes'),
(291, 12, 9, '2022-01-12 02:35:58', 'a', 'yes'),
(292, 12, 9, '2022-01-12 02:36:08', 'aa', 'yes'),
(293, 12, 9, '2022-01-12 02:36:12', 'd', 'yes'),
(294, 12, 9, '2022-01-12 02:36:15', 'a', 'yes'),
(295, 12, 9, '2022-01-12 02:37:56', 'aaaa', 'yes'),
(296, 12, 9, '2022-01-12 02:38:31', 'a', 'yes'),
(297, 12, 9, '2022-01-12 02:40:57', 'd', 'yes'),
(298, 12, 9, '2022-01-12 02:41:12', 'd', 'yes'),
(299, 12, 9, '2022-01-12 02:43:04', 'd', 'yes'),
(300, 12, 9, '2022-01-12 02:43:07', 'a', 'yes'),
(301, 12, 9, '2022-01-12 02:43:41', 'a', 'yes'),
(302, 12, 9, '2022-01-12 02:43:44', 'd', 'yes'),
(303, 12, 9, '2022-01-12 02:46:10', 'd', 'yes'),
(304, 12, 9, '2022-01-12 02:52:53', 'ddddddđ', 'yes'),
(305, 12, 9, '2022-01-12 02:54:09', 'dddđ', 'yes'),
(306, 12, 9, '2022-01-12 02:54:17', 'a', 'yes'),
(307, 9, 12, '2022-01-12 02:54:19', 'f', 'yes'),
(308, 12, 9, '2022-01-12 02:55:34', 'a', 'yes'),
(309, 12, 9, '2022-01-12 03:00:36', 'ddđ', 'yes'),
(310, 12, 9, '2022-01-12 03:00:48', 'dđ', 'yes'),
(311, 12, 9, '2022-01-12 03:01:25', 'ddđ', 'yes'),
(312, 12, 9, '2022-01-12 03:01:28', 'dddd', 'yes'),
(313, 12, 9, '2022-01-12 03:01:30', 'dddd', 'yes'),
(314, 12, 9, '2022-01-12 03:01:52', 'd', 'yes'),
(315, 12, 9, '2022-01-12 03:01:57', 'd', 'yes'),
(316, 12, 9, '2022-01-12 03:08:10', 'f', 'yes'),
(317, 12, 9, '2022-01-12 03:08:43', 'd', 'yes'),
(318, 12, 9, '2022-01-12 03:09:14', 'd', 'yes'),
(319, 12, 9, '2022-01-12 03:09:35', 'a', 'yes'),
(320, 12, 9, '2022-01-12 03:09:38', 'a', 'yes'),
(321, 12, 9, '2022-01-12 03:09:41', 'd', 'yes'),
(322, 12, 9, '2022-01-12 03:10:02', 'd', 'yes'),
(323, 12, 9, '2022-01-12 03:10:04', 's', 'yes'),
(324, 12, 9, '2022-01-12 03:10:06', 'a', 'yes'),
(325, 12, 9, '2022-01-12 03:13:32', 'g', 'yes'),
(326, 12, 9, '2022-01-12 03:13:39', 's', 'yes'),
(327, 12, 9, '2022-01-12 03:14:00', 'd', 'yes'),
(328, 12, 9, '2022-01-12 03:14:08', 'a', 'yes'),
(329, 12, 9, '2022-01-12 03:14:38', 'a', 'yes'),
(330, 12, 9, '2022-01-12 03:14:44', 'd', 'yes'),
(331, 12, 9, '2022-01-12 03:14:59', 'a', 'yes'),
(332, 12, 9, '2022-01-12 03:15:13', 'd', 'yes'),
(333, 12, 9, '2022-01-12 03:20:11', 'd', 'yes'),
(334, 12, 9, '2022-01-12 03:20:14', 'd', 'yes'),
(335, 12, 9, '2022-01-12 03:20:16', 'a', 'yes'),
(336, 12, 9, '2022-01-12 03:20:35', 'a', 'yes'),
(337, 12, 9, '2022-01-12 03:20:59', 'a', 'yes'),
(338, 9, 12, '2022-01-12 03:21:01', 'd', 'yes'),
(339, 12, 9, '2022-01-12 03:21:03', 'a', 'yes'),
(340, 12, 9, '2022-01-12 03:21:14', 'f', 'yes'),
(341, 12, 9, '2022-01-12 03:21:16', 'a', 'yes'),
(342, 12, 9, '2022-01-12 03:21:18', 'a', 'yes'),
(343, 12, 9, '2022-01-12 03:21:20', 'd', 'yes'),
(344, 12, 9, '2022-01-12 03:21:29', 'a', 'yes'),
(345, 12, 9, '2022-01-12 06:39:15', 'q', 'yes'),
(346, 12, 9, '2022-01-12 06:39:17', 'q', 'yes'),
(347, 12, 9, '2022-01-12 06:39:20', 's', 'yes'),
(348, 12, 9, '2022-01-12 06:39:59', 'f', 'yes'),
(349, 9, 12, '2022-01-12 06:40:02', 'd', 'yes'),
(350, 12, 9, '2022-01-12 06:40:12', 'a', 'yes'),
(351, 12, 9, '2022-01-12 06:40:14', 'f', 'yes'),
(352, 12, 9, '2022-01-12 06:41:44', 'fff', 'yes'),
(353, 12, 9, '2022-01-12 06:41:49', 'cc', 'yes'),
(354, 12, 9, '2022-01-12 06:42:09', 'f', 'yes'),
(355, 12, 9, '2022-01-12 06:43:06', 'v', 'yes'),
(356, 12, 9, '2022-01-12 06:43:11', 'xd', 'yes'),
(357, 9, 12, '2022-01-13 03:52:34', 'dddd', 'yes'),
(358, 12, 9, '2022-01-13 03:52:37', 'sss', 'yes'),
(359, 12, 9, '2022-01-13 04:05:48', 'd', 'yes'),
(360, 11, 12, '2022-01-13 04:05:56', 'a', 'yes'),
(361, 12, 9, '2022-01-13 04:06:09', 'a', 'yes'),
(362, 11, 12, '2022-01-13 04:06:13', 'a', 'yes'),
(363, 11, 9, '2022-01-13 04:06:41', 'd', 'yes'),
(364, 9, 12, '2022-01-13 04:07:01', 'd', 'yes'),
(365, 12, 9, '2022-01-13 04:07:04', 's', 'yes');

-- --------------------------------------------------------

--
-- Table structure for table `users`
--

CREATE TABLE `users` (
  `id` int(11) NOT NULL,
  `name` varchar(164) NOT NULL,
  `email` varchar(164) NOT NULL,
  `password` varchar(255) NOT NULL,
  `profile` varchar(100) DEFAULT 'people.png',
  `status` enum('Yes','No') DEFAULT NULL,
  `login_status` enum('login','logout','') DEFAULT NULL,
  `created_on` datetime DEFAULT NULL,
  `verify_code` varchar(255) DEFAULT NULL,
  `connection_id` int(11) NOT NULL DEFAULT '0',
  `token` varchar(255) DEFAULT NULL
) ENGINE=InnoDB DEFAULT CHARSET=utf8;

--
-- Dumping data for table `users`
--

INSERT INTO `users` (`id`, `name`, `email`, `password`, `profile`, `status`, `login_status`, `created_on`, `verify_code`, `connection_id`, `token`) VALUES
(8, 'ff', 'ff@gmail.com', '12d13e7bad81a52f3ec893388cb2d2ed', 'chann dung.jpeg', '', 'login', '2022-01-04 22:29:54', NULL, 0, NULL),
(9, 's', 's@gmail.com', '03c7c0ace395d80182db07ae2c30f034', 'chan dunggg.jpg', '', 'login', '2022-01-04 22:39:30', NULL, 0, '9ffb043b2d31570fe8890e5747a3cd52'),
(11, 'q', 'q@gmail.com', '7694f4a66316e53c8cdd9d9954bd611d', 'chann dung.jpeg', '', 'login', '2022-01-05 20:41:53', NULL, 0, '806fc4d0fc268cba0ebd387016dc9427'),
(12, 'v', 'v@gmail.com', '9e3669d19b675bd57058fd4664205d2a', 'ba-tan-vlog-tuyen-bo-nop-thue-du-phu-nhan-thu-nhap-hang-tram-trieu-dongthang1567735401.jpg', '', 'login', '2022-01-06 19:46:21', NULL, 0, 'aee6b608e318f5af311a5404bb917d9d');

--
-- Indexes for dumped tables
--

--
-- Indexes for table `chatrooms`
--
ALTER TABLE `chatrooms`
  ADD PRIMARY KEY (`id`);

--
-- Indexes for table `messages`
--
ALTER TABLE `messages`
  ADD PRIMARY KEY (`message_id`);

--
-- Indexes for table `users`
--
ALTER TABLE `users`
  ADD PRIMARY KEY (`id`);

--
-- AUTO_INCREMENT for dumped tables
--

--
-- AUTO_INCREMENT for table `chatrooms`
--
ALTER TABLE `chatrooms`
  MODIFY `id` int(11) NOT NULL AUTO_INCREMENT, AUTO_INCREMENT=71;

--
-- AUTO_INCREMENT for table `messages`
--
ALTER TABLE `messages`
  MODIFY `message_id` int(11) NOT NULL AUTO_INCREMENT, AUTO_INCREMENT=366;

--
-- AUTO_INCREMENT for table `users`
--
ALTER TABLE `users`
  MODIFY `id` int(11) NOT NULL AUTO_INCREMENT, AUTO_INCREMENT=13;
COMMIT;

/*!40101 SET CHARACTER_SET_CLIENT=@OLD_CHARACTER_SET_CLIENT */;
/*!40101 SET CHARACTER_SET_RESULTS=@OLD_CHARACTER_SET_RESULTS */;
/*!40101 SET COLLATION_CONNECTION=@OLD_COLLATION_CONNECTION */;
